Title	Published_date	Views	Likes	Comments
最好的我们02 耿耿余淮	2020-07-03	655	4	0
最好的我们01 耿耿	2020-07-03	3767	17	0
最好的我们03 另一只脚	2020-07-03	110	2	0
最好的我们05 最好莫过陌生人	2020-07-19	1668	3	0
最好的我们04 喂，所以我们坐同桌吧	2020-07-19	333	3	0
sleep music | liziqi bgm | traditional Chinese music with rain古典睡眠音樂Musica Tradicional China	2020-07-28	798	13	0
sleep music with rain | liziqi b李子柒背景音乐 | one-hour Chinese music 古典睡眠音樂 Musica Tradicional China	2020-07-30	938	10	1
sleep music with rain | liziqi bgm 李子柒 | one-hour Chinese music 古典睡眠音樂 Musica Tradicional China	2020-07-31	17211	271	7
sleep music with rain | liziqi background music 李子柒背景音乐 | one-hour oriental music |	2020-08-02	11331	171	17
sleep music with rain | Chinese song 董贞 | 超好聽的古典睡眠音樂 Musica Tradicional China	2020-08-03	26	0	0
《将嫁》有声小说 第 03 集	2020-08-04	2678	14	0
《将嫁》有声小说 第 02 集	2020-08-04	3434	17	0
《将嫁》有声小说 第 01 集	2020-08-04	13888	55	0
我的刺猬女孩| 吴事生菲cp| 吴景昊 ×韩菲｜李逸男×庄达菲 |  庄达菲【网络剧《我的刺猬女孩Closer To You》同名主题曲】	2020-08-04	326	4	0
《将嫁》有声小说 第 38 集	2020-08-05	1285	8	0
《将嫁》有声小说 第 37 集	2020-08-05	1222	5	0
《将嫁》有声小说 第 36 集	2020-08-05	1386	5	0
《将嫁》有声小说 第 35 集	2020-08-05	1387	6	0
《将嫁》有声小说 第 34 集	2020-08-05	1413	9	0
《将嫁》有声小说 第 33 集	2020-08-05	1439	14	0
《将嫁》有声小说 第 32 集	2020-08-05	1484	16	0
《将嫁》有声小说 第 31 集	2020-08-05	1405	16	2
《将嫁》有声小说 第 30 集	2020-08-05	1419	9	0
《将嫁》有声小说 第 29 集	2020-08-05	1315	12	0
《将嫁》有声小说 第 28 集	2020-08-05	1338	11	0
《将嫁》有声小说 第 27 集	2020-08-05	1308	7	0
《将嫁》有声小说 第 26 集	2020-08-05	1384	14	0
《将嫁》有声小说 第 25 集	2020-08-05	1450	8	0
《将嫁》有声小说 第 24 集	2020-08-05	1526	9	0
《将嫁》有声小说 第 23 集	2020-08-05	1609	9	0
《将嫁》有声小说 第 22 集	2020-08-05	1714	10	0
《将嫁》有声小说 第 21 集	2020-08-05	1655	9	0
《将嫁》有声小说 第 20 集	2020-08-05	1799	12	0
《将嫁》有声小说 第 19 集	2020-08-05	1723	12	0
《将嫁》有声小说 第 18 集	2020-08-05	1377	5	0
《将嫁》有声小说 第 17 集	2020-08-05	1467	7	0
《将嫁》有声小说 第 16 集	2020-08-05	1378	6	0
《将嫁》有声小说 第 15 集	2020-08-05	1435	8	0
《将嫁》有声小说 第 11 集	2020-08-05	1650	10	0
《将嫁》有声小说 第 14 集	2020-08-05	1437	7	0
《将嫁》有声小说 第 13 集	2020-08-05	1417	9	0
《将嫁》有声小说 第 12 集	2020-08-05	1538	10	0
《将嫁》有声小说 第 10 集	2020-08-05	1581	12	0
《将嫁》有声小说 第 09 集	2020-08-05	1518	6	0
《将嫁》有声小说 第 08 集	2020-08-05	1738	11	0
《将嫁》有声小说 第 07 集	2020-08-05	1761	9	0
sleep music with rain | liziqi background music 李子柒背景音乐 | one-hour traditional music 睡眠音樂	2020-08-05	93	2	0
《将嫁》有声小说 第 06 集	2020-08-05	1886	12	0
《将嫁》有声小说 第 05 集	2020-08-05	2172	11	2
《将嫁》有声小说 第 04 集	2020-08-05	2276	19	0
《致我们单纯的小美好》有声小说 第 07 集	2020-08-06	213	1	0
《致我们单纯的小美好》有声小说 第 06 集	2020-08-06	218	2	0
《将嫁》有声小说 第 50 集	2020-08-06	1252	8	0
《将嫁》有声小说 第 49 集	2020-08-06	1129	6	0
《将嫁》有声小说 第 48 集	2020-08-06	1190	5	0
《将嫁》有声小说 第 47 集	2020-08-06	1180	7	0
《将嫁》有声小说 第 46 集	2020-08-06	1167	9	0
《致我们单纯的小美好》有声小说 第 05 集	2020-08-06	268	1	0
《致我们单纯的小美好》有声小说 第 04 集	2020-08-06	308	1	0
《致我们单纯的小美好》有声小说 第 03 集	2020-08-06	313	1	0
《致我们单纯的小美好》有声小说 第 02 集	2020-08-06	357	1	0
《致我们单纯的小美好》有声小说 第 01 集	2020-08-06	1271	6	0
《将嫁》有声小说 第 45 集	2020-08-06	1290	9	0
《将嫁》有声小说 第 44 集	2020-08-06	1238	8	0
《将嫁》有声小说 第 43 集	2020-08-06	1282	5	0
《将嫁》有声小说 第 42 集	2020-08-06	1327	8	0
《将嫁》有声小说 第 41 集	2020-08-06	1445	5	0
《将嫁》有声小说 第 40 集	2020-08-06	1335	11	0
《将嫁》有声小说 第 39 集	2020-08-06	1168	7	0
《致我们暖暖的小时光》有声小说 第 06 集	2020-08-07	135	0	0
《致我们暖暖的小时光》有声小说 第 05 集	2020-08-07	125	0	0
《致我们暖暖的小时光》有声小说 第 04 集	2020-08-07	138	1	0
《致我们暖暖的小时光》有声小说 第 03 集	2020-08-07	174	0	0
《致我们暖暖的小时光》有声小说 第 02 集	2020-08-07	205	0	0
《致我们暖暖的小时光》有声小说 第 01 集	2020-08-07	889	3	0
《将嫁》有声小说 第 55 集	2020-08-07	1279	8	0
《将嫁》有声小说 第 54 集	2020-08-07	1190	5	0
《将嫁》有声小说 第 53 集	2020-08-07	1231	8	0
《将嫁》有声小说 第 52 集	2020-08-07	1176	5	0
《将嫁》有声小说 第 51 集	2020-08-07	1188	5	0
《致我们单纯的小美好》有声小说 第 10 集	2020-08-07	214	0	0
《致我们单纯的小美好》有声小说 第 09 集	2020-08-07	194	1	0
《致我们单纯的小美好》有声小说 第 08 集	2020-08-07	186	1	0
Sleep music | traditional Chinese music with rain | liziqi李子柒背景音乐 古典睡眠音樂 Musica Tradicional China	2020-08-07	473	12	2
锦衣之下 有声小说 第 01 集	2020-08-08	13918	75	7
我好喜欢你原著小说《交换吧运气》 第 06 集	2020-08-08	292	0	0
我好喜欢你原著小说《交换吧运气》 第 05 集	2020-08-08	114	0	0
我好喜欢你原著小说《交换吧运气》 第 04 集	2020-08-08	278	0	0
我好喜欢你原著小说《交换吧运气》 第 03 集	2020-08-08	178	0	0
我好喜欢你原著小说《交换吧运气》 第 02 集	2020-08-08	572	1	0
我好喜欢你原著小说《交换吧运气》 第 01 集	2020-08-08	2059	11	0
《你是我的荣耀》有声小说 第 10 集	2020-08-08	5931	22	3
《你是我的荣耀》有声小说 第 09 集	2020-08-08	5423	17	0
《你是我的荣耀》有声小说 第 08 集	2020-08-08	5716	16	0
《你是我的荣耀》有声小说 第 07 集	2020-08-08	5775	16	0
《你是我的荣耀》有声小说 第 06 集	2020-08-08	5648	13	0
《你是我的荣耀》有声小说 第 05 集	2020-08-08	5499	13	2
《你是我的荣耀》有声小说 第 04 集	2020-08-08	5727	19	0
《你是我的荣耀》有声小说 第 03 集	2020-08-08	5759	14	0
《你是我的荣耀》有声小说 第 02 集	2020-08-08	7245	21	0
《你是我的荣耀》有声小说 第 01 集	2020-08-08	23501	84	5
《将嫁》有声小说 第 64 集 大结局	2020-08-08	2708	30	2
《将嫁》有声小说 第 63 集	2020-08-08	1406	8	0
《将嫁》有声小说 第 62 集	2020-08-08	1328	4	0
《将嫁》有声小说 第 61 集	2020-08-08	1232	8	0
《将嫁》有声小说 第 60 集	2020-08-08	1212	8	0
《将嫁》有声小说 第 59 集	2020-08-08	1133	8	0
《将嫁》有声小说 第 58 集	2020-08-08	1153	8	0
《将嫁》有声小说 第 57 集	2020-08-08	1149	6	0
《将嫁》有声小说 第 56 集	2020-08-08	1243	6	0
sleep music with rain | one-hour Chinese song | 董贞	2020-08-08	32	0	0
我只喜欢你 原著小说  第 13 集【我不喜欢这世界，我只喜欢你】	2020-08-09	231	2	0
我只喜欢你 原著小说  第 12 集【我不喜欢这世界，我只喜欢你】	2020-08-09	226	2	0
我只喜欢你 原著小说  第 18 集【我不喜欢这世界，我只喜欢你】	2020-08-09	262	2	0
我只喜欢你 原著小说  第 19 集【我不喜欢这世界，我只喜欢你】	2020-08-09	243	1	0
我只喜欢你 原著小说  第 08 集【我不喜欢这世界，我只喜欢你】	2020-08-09	318	3	0
我只喜欢你 原著小说  第 06 集【我不喜欢这世界，我只喜欢你】	2020-08-09	382	3	0
我只喜欢你 原著小说  第 07 集【我不喜欢这世界，我只喜欢你】	2020-08-09	255	4	0
我只喜欢你 原著小说  第 05 集【我不喜欢这世界，我只喜欢你】	2020-08-09	409	5	0
我只喜欢你 原著小说  第 04 集【我不喜欢这世界，我只喜欢你】	2020-08-09	439	4	0
我只喜欢你 原著小说  第 03 集【我不喜欢这世界，我只喜欢你】	2020-08-09	601	5	1
我只喜欢你 原著小说  第 02 集【我不喜欢这世界，我只喜欢你】	2020-08-09	1332	11	2
我只喜欢你 原著小说  第 01 集【我不喜欢这世界，我只喜欢你】	2020-08-09	2733	31	0
锦衣之下 有声小说 第 18 集	2020-08-09	1769	13	0
锦衣之下 有声小说 第 17 集	2020-08-09	1705	13	0
锦衣之下 有声小说 第 16 集	2020-08-09	1786	12	0
锦衣之下 有声小说 第 15 集	2020-08-09	1736	9	0
锦衣之下 有声小说 第 14 集	2020-08-09	1834	16	1
锦衣之下 有声小说 第 13 集	2020-08-09	1836	14	0
锦衣之下 有声小说 第 12 集	2020-08-09	1792	14	0
锦衣之下 有声小说 第 11 集	2020-08-09	1855	14	0
锦衣之下 有声小说 第 10 集	2020-08-09	1799	13	0
锦衣之下 有声小说 第 09 集	2020-08-09	1777	15	0
锦衣之下 有声小说 第 08 集	2020-08-09	1788	14	1
锦衣之下 有声小说 第 07 集	2020-08-09	1945	12	0
锦衣之下 有声小说 第 06 集	2020-08-09	2086	9	0
锦衣之下 有声小说 第 05 集	2020-08-09	2447	12	0
锦衣之下 有声小说 第 04 集	2020-08-09	2872	16	0
锦衣之下 有声小说 第 03 集	2020-08-09	3199	18	0
锦衣之下 有声小说 第 02 集	2020-08-09	4001	21	1
《致我们单纯的小美好》有声小说 第 15 集	2020-08-09	163	1	0
《致我们单纯的小美好》有声小说 第 14 集	2020-08-09	186	0	0
《致我们单纯的小美好》有声小说 第 13 集	2020-08-09	198	1	0
《致我们单纯的小美好》有声小说 第 12 集	2020-08-09	200	0	0
《致我们单纯的小美好》有声小说 第 11 集	2020-08-09	188	0	0
《致我们暖暖的小时光》有声小说 第 19 集	2020-08-10	107	0	0
《致我们暖暖的小时光》有声小说 第 18 集	2020-08-10	107	0	0
《致我们暖暖的小时光》有声小说 第 16 集	2020-08-10	126	0	0
《致我们暖暖的小时光》有声小说 第 17 集	2020-08-10	162	1	0
《致我们暖暖的小时光》有声小说 第 15 集	2020-08-10	105	0	0
《致我们暖暖的小时光》有声小说 第 14 集	2020-08-10	97	0	0
《致我们暖暖的小时光》有声小说 第 13 集	2020-08-10	106	0	0
《致我们暖暖的小时光》有声小说 第 12 集	2020-08-10	106	0	0
《致我们暖暖的小时光》有声小说 第 11 集	2020-08-10	101	0	0
《致我们暖暖的小时光》有声小说 第 10 集	2020-08-10	106	0	0
《致我们暖暖的小时光》有声小说 第 09 集	2020-08-10	104	0	0
《致我们暖暖的小时光》有声小说 第 08 集	2020-08-10	118	1	0
《致我们暖暖的小时光》有声小说 第 07 集	2020-08-10	122	0	0
《致我们单纯的小美好》有声小说 第 25 集	2020-08-10	433	1	0
《致我们单纯的小美好》有声小说 第 24 集	2020-08-10	201	1	0
《致我们单纯的小美好》有声小说 第 23 集	2020-08-10	178	0	0
锦衣之下 有声小说 第 20 集	2020-08-10	1732	10	0
锦衣之下 有声小说 第 19 集	2020-08-10	1686	12	0
《致我们单纯的小美好》有声小说 第 20 集	2020-08-10	167	0	0
《致我们单纯的小美好》有声小说 第 19 集	2020-08-10	163	0	0
《致我们单纯的小美好》有声小说 第 18 集	2020-08-10	169	0	0
《致我们单纯的小美好》有声小说 第 17 集	2020-08-10	165	0	0
《致我们单纯的小美好》有声小说 第 16 集	2020-08-10	189	1	0
我只喜欢你 原著小说  第 10 集【我不喜欢这世界，我只喜欢你】	2020-08-10	225	3	0
我只喜欢你 原著小说  第 09 集【我不喜欢这世界，我只喜欢你】	2020-08-10	323	4	0
我只喜欢你 原著小说  第 11 集【我不喜欢这世界，我只喜欢你】	2020-08-10	309	2	0
我只喜欢你 原著小说  第 15 集【我不喜欢这世界，我只喜欢你】	2020-08-10	271	2	0
我只喜欢你 原著小说  第 14 集【我不喜欢这世界，我只喜欢你】	2020-08-10	185	1	0
我只喜欢你 原著小说  第 16 集【我不喜欢这世界，我只喜欢你】	2020-08-10	208	1	0
我只喜欢你 原著小说  第 17 集【我不喜欢这世界，我只喜欢你】	2020-08-10	208	1	0
《皇后无德》有声小说 第 09 集	2020-08-11	1791	4	0
《皇后无德》有声小说 第 08 集	2020-08-11	1778	5	0
《皇后无德》有声小说 第 07 集	2020-08-11	1884	5	0
《皇后无德》有声小说 第 06 集	2020-08-11	2240	4	0
《皇后无德》有声小说 第 05 集	2020-08-11	2363	8	0
《皇后无德》有声小说 第 04 集	2020-08-11	2668	5	0
《皇后无德》有声小说 第 03 集	2020-08-11	2864	7	0
《皇后无德》有声小说 第 02 集	2020-08-11	3474	7	0
《皇后无德》有声小说 第 01 集	2020-08-11	11839	27	0
《致我们单纯的小美好》有声小说 第 22 集	2020-08-11	208	0	0
《致我们单纯的小美好》有声小说 第 21 集	2020-08-11	162	0	0
《皇后无德》有声小说 第 24 集	2020-08-12	1616	3	0
《皇后无德》有声小说 第 23 集	2020-08-12	1602	3	0
《皇后无德》有声小说 第 22 集	2020-08-12	1676	5	0
《皇后无德》有声小说 第 21 集	2020-08-12	1607	1	0
《皇后无德》有声小说 第 20 集	2020-08-12	1703	2	0
《皇后无德》有声小说 第 19 集	2020-08-12	1587	4	0
《皇后无德》有声小说 第 18 集	2020-08-12	1563	3	0
《皇后无德》有声小说 第 17 集	2020-08-12	1641	3	0
《皇后无德》有声小说 第 16 集	2020-08-12	1603	2	0
《皇后无德》有声小说 第 15 集	2020-08-12	1605	3	0
《皇后无德》有声小说 第 14 集	2020-08-12	1657	3	0
《皇后无德》有声小说 第 13 集	2020-08-12	1584	1	0
《皇后无德》有声小说 第 12 集	2020-08-12	1686	5	1
《皇后无德》有声小说 第 11 集	2020-08-12	1870	5	0
《皇后无德》有声小说 第 10 集	2020-08-12	1779	6	0
《致我们单纯的小美好》有声小说 第 49 集	2020-08-13	225	0	0
《致我们单纯的小美好》有声小说 第 48 集	2020-08-13	139	0	0
《致我们单纯的小美好》有声小说 第 47 集	2020-08-13	119	0	0
《致我们单纯的小美好》有声小说 第 46 集	2020-08-13	140	0	0
《致我们单纯的小美好》有声小说 第 45 集	2020-08-13	125	1	0
《致我们单纯的小美好》有声小说 第 44 集	2020-08-13	140	0	0
《致我们单纯的小美好》有声小说 第 43 集	2020-08-13	136	0	0
《致我们单纯的小美好》有声小说 第 42 集	2020-08-13	144	0	0
《致我们单纯的小美好》有声小说 第 41 集	2020-08-13	134	0	0
《致我们单纯的小美好》有声小说 第 40 集	2020-08-13	140	0	0
《致我们单纯的小美好》有声小说 第 39 集	2020-08-13	145	0	0
《致我们单纯的小美好》有声小说 第 38 集	2020-08-13	158	0	0
《致我们单纯的小美好》有声小说 第 37 集	2020-08-13	131	0	0
《致我们单纯的小美好》有声小说 第 36 集	2020-08-13	148	0	0
《致我们单纯的小美好》有声小说 第 35 集	2020-08-13	125	0	0
《致我们单纯的小美好》有声小说 第 34 集	2020-08-13	129	0	0
《致我们单纯的小美好》有声小说 第 33 集	2020-08-13	135	0	0
《致我们单纯的小美好》有声小说 第 32 集	2020-08-13	135	0	0
《致我们单纯的小美好》有声小说 第 31 集	2020-08-13	144	0	0
《致我们单纯的小美好》有声小说 第 30 集	2020-08-13	172	1	0
《致我们单纯的小美好》有声小说 第 29 集	2020-08-13	170	0	0
《致我们单纯的小美好》有声小说 第 28 集	2020-08-13	169	0	0
《致我们单纯的小美好》有声小说 第 27 集	2020-08-13	183	1	0
《致我们单纯的小美好》有声小说 第 26 集	2020-08-13	167	0	0
《我的邻居是腹黑》有声小说 第 11 集	2020-08-13	250	0	0
《我的邻居是腹黑》有声小说 第 10 集	2020-08-13	250	0	0
《我的邻居是腹黑》有声小说 第 09 集	2020-08-13	252	1	0
《我的邻居是腹黑》有声小说 第 08 集	2020-08-13	274	0	0
《我的邻居是腹黑》有声小说 第 07 集	2020-08-13	264	1	0
《我的邻居是腹黑》有声小说 第 06 集	2020-08-13	316	0	0
《我的邻居是腹黑》有声小说 第 04 集	2020-08-13	425	0	0
《我的邻居是腹黑》有声小说 第 05 集	2020-08-13	349	0	0
《我的邻居是腹黑》有声小说 第 02 集	2020-08-13	1111	3	0
《皇后无德》有声小说 第 29 集	2020-08-13	1812	5	0
《皇后无德》有声小说 第 28 集	2020-08-13	1666	4	0
《皇后无德》有声小说 第 27 集	2020-08-13	1651	4	0
《皇后无德》有声小说 第 26 集	2020-08-13	1723	4	0
《皇后无德》有声小说 第 25 集	2020-08-13	1704	1	0
《倾其所有去爱你》有声小说 第 19 集	2020-08-14	186	0	0
《倾其所有去爱你》有声小说 第 18 集	2020-08-14	195	0	0
《倾其所有去爱你》有声小说 第 17 集	2020-08-14	207	0	0
《倾其所有去爱你》有声小说 第 16 集	2020-08-14	213	0	0
《倾其所有去爱你》有声小说 第 15 集	2020-08-14	205	0	0
《倾其所有去爱你》有声小说 第 14 集	2020-08-14	214	1	0
《倾其所有去爱你》有声小说 第 13 集	2020-08-14	220	0	0
《倾其所有去爱你》有声小说 第 12 集	2020-08-14	224	0	0
《倾其所有去爱你》有声小说 第 11 集	2020-08-14	230	1	0
《倾其所有去爱你》有声小说 第 10 集	2020-08-14	220	0	0
《倾其所有去爱你》有声小说 第 09 集	2020-08-14	234	0	0
《倾其所有去爱你》有声小说 第 08 集	2020-08-14	248	0	0
《倾其所有去爱你》有声小说 第 07 集	2020-08-14	269	1	0
《倾其所有去爱你》有声小说 第 06 集	2020-08-14	252	0	0
《倾其所有去爱你》有声小说 第 05 集	2020-08-14	300	0	0
《倾其所有去爱你》有声小说 第 04 集	2020-08-14	358	1	0
《倾其所有去爱你》有声小说 第 03 集	2020-08-14	376	1	0
《倾其所有去爱你》有声小说 第 02 集	2020-08-14	439	0	0
《倾其所有去爱你》有声小说 第 01 集	2020-08-14	1449	1	0
《致我们暖暖的小时光》有声小说 第 29 集	2020-08-15	161	0	0
《致我们暖暖的小时光》有声小说 第 28 集	2020-08-15	89	0	0
《致我们暖暖的小时光》有声小说 第 27 集	2020-08-15	97	0	0
《致我们暖暖的小时光》有声小说 第 26 集	2020-08-15	115	0	0
《致我们暖暖的小时光》有声小说 第 25 集	2020-08-15	140	1	0
《致我们暖暖的小时光》有声小说 第 24 集	2020-08-15	87	0	0
《致我们暖暖的小时光》有声小说 第 23 集	2020-08-15	90	0	0
《致我们暖暖的小时光》有声小说 第 22 集	2020-08-15	86	0	0
《致我们暖暖的小时光》有声小说 第 21 集	2020-08-15	92	0	0
《致我们暖暖的小时光》有声小说 第 20 集	2020-08-15	91	0	0
sleep music with rain | liziqi background music 李子柒背景音乐 | one-hour oriental music	2020-08-15	8306	127	5
《皇后无德》有声小说 第 34 集	2020-08-15	1757	7	2
《皇后无德》有声小说 第 33 集	2020-08-15	1630	1	0
《皇后无德》有声小说 第 32 集	2020-08-15	1553	2	0
《皇后无德》有声小说 第 31 集	2020-08-15	1618	3	1
《皇后无德》有声小说 第 30 集	2020-08-15	1695	1	0
锦衣之下 有声小说 第 46 集	2020-08-16	1938	16	0
锦衣之下 有声小说 第 45 集	2020-08-16	2076	11	0
锦衣之下 有声小说 第 44 集	2020-08-16	2021	13	0
锦衣之下 有声小说 第 43 集	2020-08-16	2072	17	3
锦衣之下 有声小说 第 42 集	2020-08-16	1746	13	0
锦衣之下 有声小说 第 41 集	2020-08-16	1857	15	3
《皇后无德》有声小说 第 49 集	2020-08-16	1789	3	0
《皇后无德》有声小说 第 48 集	2020-08-16	1769	5	1
《皇后无德》有声小说 第 47 集	2020-08-16	1667	3	0
《皇后无德》有声小说 第 46 集	2020-08-16	1633	3	0
《皇后无德》有声小说 第 45 集	2020-08-16	1672	2	0
《皇后无德》有声小说 第 44 集	2020-08-16	1690	4	0
《皇后无德》有声小说 第 43 集	2020-08-16	1680	3	0
《皇后无德》有声小说 第 42 集	2020-08-16	1616	2	0
《皇后无德》有声小说 第 41 集	2020-08-16	1621	0	0
《皇后无德》有声小说 第 40 集	2020-08-16	1781	5	0
《皇后无德》有声小说 第 39 集	2020-08-16	1705	3	0
《皇后无德》有声小说 第 38 集	2020-08-16	2096	5	0
《皇后无德》有声小说 第 37 集	2020-08-16	1662	1	0
《皇后无德》有声小说 第 36 集	2020-08-16	1640	3	0
《皇后无德》有声小说 第 35 集	2020-08-16	1849	6	0
《偷偷藏不住》第 13 集 有声小说	2020-08-17	6190	35	0
《偷偷藏不住》第 11 集 有声小说	2020-08-17	7014	41	1
《偷偷藏不住》第 12 集 有声小说	2020-08-17	6773	42	1
《偷偷藏不住》第 10 集 有声小说	2020-08-17	6561	44	2
《偷偷藏不住》第 09 集 有声小说	2020-08-17	6692	37	0
《偷偷藏不住》第 08 集 有声小说	2020-08-17	6439	32	1
《偷偷藏不住》第 07 集 有声小说	2020-08-17	7562	36	2
《偷偷藏不住》第 06 集 有声小说	2020-08-17	8935	39	1
《偷偷藏不住》第 05 集 有声小说	2020-08-17	8528	44	0
《偷偷藏不住》第 04 集 有声小说	2020-08-17	9463	51	0
《偷偷藏不住》第 03 集 有声小说	2020-08-17	13098	59	0
《偷偷藏不住》第 02 集 有声小说	2020-08-17	17143	96	1
《偷偷藏不住》第 01 集 有声小说	2020-08-17	68697	328	16
《陛下请自重/陛下请淡定》第 19 集 有声小说	2020-08-17	1762	11	0
《陛下请自重/陛下请淡定》第 18 集 有声小说	2020-08-17	1834	9	0
《陛下请自重/陛下请淡定》第 17 集 有声小说	2020-08-17	1802	9	0
《陛下请自重/陛下请淡定》第 16 集 有声小说	2020-08-17	1778	10	0
《陛下请自重/陛下请淡定》第 15 集 有声小说	2020-08-17	1835	9	0
《陛下请自重/陛下请淡定》第 14 集 有声小说	2020-08-17	1873	12	0
《陛下请自重/陛下请淡定》第 13 集 有声小说	2020-08-17	1771	10	0
《陛下请自重/陛下请淡定》第 12 集 有声小说	2020-08-17	1881	11	0
《陛下请自重/陛下请淡定》第 11 集 有声小说	2020-08-17	1927	12	0
《陛下请自重/陛下请淡定》第 10 集 有声小说	2020-08-17	2161	11	0
《陛下请自重/陛下请淡定》第 09 集 有声小说	2020-08-17	1957	11	0
《陛下请自重/陛下请淡定》第 08 集 有声小说	2020-08-17	1974	14	0
《陛下请自重/陛下请淡定》第 07 集 有声小说	2020-08-17	2020	16	0
《陛下请自重/陛下请淡定》第 06 集 有声小说	2020-08-17	2280	14	0
《陛下请自重/陛下请淡定》第 05 集 有声小说	2020-08-17	2452	8	0
《陛下请自重/陛下请淡定》第 04 集 有声小说	2020-08-17	2682	14	0
《陛下请自重/陛下请淡定》第 03 集 有声小说	2020-08-17	3181	19	0
《陛下请自重/陛下请淡定》第 02 集 有声小说	2020-08-17	3801	16	0
《陛下请自重/陛下请淡定》第 01 集 有声小说	2020-08-17	11866	44	1
锦衣之下 有声小说 第 49 集	2020-08-17	1979	13	0
锦衣之下 有声小说 第 48 集	2020-08-17	1865	13	0
锦衣之下 有声小说 第 47 集	2020-08-17	1966	16	0
《偷偷藏不住》第 14 集 有声小说	2020-08-18	6093	43	0
《大约是爱》第 11 集 有声小说	2020-08-18	85	1	1
《大约是爱》第 10 集 有声小说	2020-08-18	51	0	0
《大约是爱》第 09 集 有声小说	2020-08-18	34	1	0
《大约是爱》第 08 集 有声小说	2020-08-18	26	0	0
《大约是爱》第 07 集 有声小说	2020-08-18	59	0	0
《大约是爱》第 06 集 有声小说	2020-08-18	40	0	0
《大约是爱》第 05 集 有声小说	2020-08-18	80	0	0
《大约是爱》第 04 集 有声小说	2020-08-18	71	0	0
《大约是爱》第 03 集 有声小说	2020-08-18	61	0	0
《我家二爷》第 01 集 有声小说	2020-08-18	1885	7	0
《大约是爱》第 02 集 有声小说	2020-08-18	75	0	0
《大约是爱》第 01 集 有声小说	2020-08-18	568	0	0
《亲爱的，热爱的》原著小说 《蜜汁炖鱿鱼》 第 09集 有声小说	2020-08-19	729	4	0
《亲爱的，热爱的》原著小说 《蜜汁炖鱿鱼》 第 08集 有声小说	2020-08-19	484	1	0
《亲爱的，热爱的》原著小说 《蜜汁炖鱿鱼》 第 07集 有声小说	2020-08-19	508	1	0
《亲爱的，热爱的》原著小说 《蜜汁炖鱿鱼》 第 06集 有声小说	2020-08-19	424	2	0
《亲爱的，热爱的》原著小说 《蜜汁炖鱿鱼》 第 05集 有声小说	2020-08-19	468	1	0
《亲爱的，热爱的》原著小说 《蜜汁炖鱿鱼》 第 04集 有声小说	2020-08-19	501	2	0
《亲爱的，热爱的》原著小说 《蜜汁炖鱿鱼》 第 03集 有声小说	2020-08-19	643	2	0
《亲爱的，热爱的》原著小说 《蜜汁炖鱿鱼》 第 02集 有声小说	2020-08-19	787	2	0
《亲爱的，热爱的》原著小说 《蜜汁炖鱿鱼》 第 01集 有声小说	2020-08-19	2973	15	0
《偷偷藏不住》第 29 集 有声小说	2020-08-19	7603	56	0
《偷偷藏不住》第 28 集 有声小说	2020-08-19	7424	51	1
《偷偷藏不住》第 27 集 有声小说	2020-08-19	7461	67	2
《偷偷藏不住》第 26 集 有声小说	2020-08-19	7230	52	0
《偷偷藏不住》第 25 集 有声小说	2020-08-19	7303	44	0
《偷偷藏不住》第 24 集 有声小说	2020-08-19	6539	53	2
《偷偷藏不住》第 23 集 有声小说	2020-08-19	7219	56	4
《偷偷藏不住》第 22 集 有声小说	2020-08-19	6275	57	1
《偷偷藏不住》第 21 集 有声小说	2020-08-19	6300	41	0
《偷偷藏不住》第 20 集 有声小说	2020-08-19	7317	42	1
《皇后无德》有声小说 第 59 集	2020-08-19	2141	8	0
《皇后无德》有声小说 第 58 集	2020-08-19	1710	6	0
《皇后无德》有声小说 第 57 集	2020-08-19	1703	8	0
《皇后无德》有声小说 第 56 集	2020-08-19	2050	7	0
《皇后无德》有声小说 第 55 集	2020-08-19	1737	5	0
《皇后无德》有声小说 第 54 集	2020-08-19	1755	3	0
《皇后无德》有声小说 第 53 集	2020-08-19	1662	3	0
《皇后无德》有声小说 第 52 集	2020-08-19	1829	6	0
《皇后无德》有声小说 第 51 集	2020-08-19	1940	4	0
《皇后无德》有声小说 第 50 集	2020-08-19	1908	3	0
《陛下请自重/陛下请淡定》第 29 集 有声小说	2020-08-19	1739	11	0
《陛下请自重/陛下请淡定》第 28 集 有声小说	2020-08-19	1644	11	0
《陛下请自重/陛下请淡定》第 27 集 有声小说	2020-08-19	1544	7	0
《陛下请自重/陛下请淡定》第 26 集 有声小说	2020-08-19	1620	7	0
《陛下请自重/陛下请淡定》第 25 集 有声小说	2020-08-19	1647	6	0
《陛下请自重/陛下请淡定》第 24 集 有声小说	2020-08-19	1703	10	0
《陛下请自重/陛下请淡定》第 23 集 有声小说	2020-08-19	1674	9	0
《陛下请自重/陛下请淡定》第 22 集 有声小说	2020-08-19	1648	11	0
《陛下请自重/陛下请淡定》第 21 集 有声小说	2020-08-19	1649	8	0
《陛下请自重/陛下请淡定》第 20 集 有声小说	2020-08-19	1806	11	0
《偷偷藏不住》第 19 集 有声小说	2020-08-19	6142	36	0
《偷偷藏不住》第 18 集 有声小说	2020-08-19	6434	37	0
《偷偷藏不住》第 17 集 有声小说	2020-08-19	5868	32	0
《偷偷藏不住》第 16 集 有声小说	2020-08-19	6568	36	1
《偷偷藏不住》第 15 集 有声小说	2020-08-19	6115	38	0
锦衣之下 有声小说 第 52 集	2020-08-20	1939	7	0
锦衣之下 有声小说 第 51 集	2020-08-20	1955	8	0
锦衣之下 有声小说 第 50 集	2020-08-20	2151	11	0
《陛下请自重/陛下请淡定》第 35 集 有声小说	2020-08-20	1641	13	0
《陛下请自重/陛下请淡定》第 34 集 有声小说	2020-08-20	1554	8	0
《陛下请自重/陛下请淡定》第 33 集 有声小说	2020-08-20	1585	7	0
《陛下请自重/陛下请淡定》第 32 集 有声小说	2020-08-20	1604	10	0
《陛下请自重/陛下请淡定》第 31 集 有声小说	2020-08-20	1599	8	0
《陛下请自重/陛下请淡定》第 30 集 有声小说	2020-08-20	1788	11	0
锦衣之下 有声小说 第 40 集	2020-08-20	1952	11	0
锦衣之下 有声小说 第 39 集	2020-08-20	1574	12	0
锦衣之下 有声小说 第 38 集	2020-08-20	1516	12	0
锦衣之下 有声小说 第 37 集	2020-08-20	1582	11	0
锦衣之下 有声小说 第 36 集	2020-08-20	1755	13	0
锦衣之下 有声小说 第 35 集	2020-08-20	1618	14	0
锦衣之下 有声小说 第 34 集	2020-08-20	1523	11	1
锦衣之下 有声小说 第 33 集	2020-08-20	1540	11	0
锦衣之下 有声小说 第 32 集	2020-08-20	1616	17	0
锦衣之下 有声小说 第 31 集	2020-08-20	1570	12	0
锦衣之下 有声小说 第 30 集	2020-08-20	1569	11	0
锦衣之下 有声小说 第 29 集	2020-08-20	1572	10	0
锦衣之下 有声小说 第 28 集	2020-08-20	1544	8	0
锦衣之下 有声小说 第 27 集	2020-08-20	1630	12	0
锦衣之下 有声小说 第 26 集	2020-08-20	1631	11	0
锦衣之下 有声小说 第 25 集	2020-08-20	1582	10	0
锦衣之下 有声小说 第 24 集	2020-08-20	1587	10	0
锦衣之下 有声小说 第 23 集	2020-08-20	1584	14	0
锦衣之下 有声小说 第 22 集	2020-08-20	1610	13	0
锦衣之下 有声小说 第 21 集	2020-08-20	1620	11	0
《偷偷藏不住》第 39 集 有声小说	2020-08-20	11938	60	2
《偷偷藏不住》第 38 集 有声小说	2020-08-20	12019	51	0
《偷偷藏不住》第 37 集 有声小说	2020-08-20	11895	66	0
《偷偷藏不住》第 36 集 有声小说	2020-08-20	12164	62	1
《偷偷藏不住》第 35 集 有声小说	2020-08-20	12746	67	1
《偷偷藏不住》第 34 集 有声小说	2020-08-20	12597	65	0
《偷偷藏不住》第 33 集 有声小说	2020-08-20	13791	72	0
《偷偷藏不住》第 32 集 有声小说	2020-08-20	11765	77	0
《偷偷藏不住》第 31 集 有声小说	2020-08-20	10329	71	0
《偷偷藏不住》第 30 集 有声小说	2020-08-20	10968	72	2
全娱乐圈都在等我们离婚（爆笑）第 12集 有声小说 （是你先撞我心上）	2020-08-20	591	1	0
全娱乐圈都在等我们离婚（爆笑）第 11集 有声小说 （是你先撞我心上）	2020-08-20	559	1	0
全娱乐圈都在等我们离婚（爆笑）第 10集 有声小说 （是你先撞我心上）	2020-08-20	567	1	0
全娱乐圈都在等我们离婚（爆笑）第 09集 有声小说 （是你先撞我心上）	2020-08-20	588	1	0
全娱乐圈都在等我们离婚（爆笑）第 08集 有声小说 （是你先撞我心上）	2020-08-20	628	1	0
全娱乐圈都在等我们离婚（爆笑）第 07集 有声小说 （是你先撞我心上）	2020-08-20	648	0	0
全娱乐圈都在等我们离婚（爆笑）第 06集 有声小说 （是你先撞我心上）	2020-08-20	744	0	0
全娱乐圈都在等我们离婚（爆笑）第 05集 有声小说 （是你先撞我心上）	2020-08-20	822	0	0
全娱乐圈都在等我们离婚（爆笑）第 04集 有声小说 （是你先撞我心上）	2020-08-20	858	1	0
全娱乐圈都在等我们离婚（爆笑）第 03集 有声小说 （是你先撞我心上）	2020-08-20	957	0	0
全娱乐圈都在等我们离婚（爆笑）第 02集 有声小说 （是你先撞我心上）	2020-08-20	1090	1	0
全娱乐圈都在等我们离婚（爆笑）第 01集 有声小说 （是你先撞我心上）	2020-08-20	3677	8	1
《皇后无德》有声小说 第 69 集	2020-08-21	1566	2	0
《皇后无德》有声小说 第 68 集	2020-08-21	1605	5	0
《皇后无德》有声小说 第 67 集	2020-08-21	1625	6	0
《皇后无德》有声小说 第 66 集	2020-08-21	1668	6	0
《皇后无德》有声小说 第 65 集	2020-08-21	1756	9	0
《皇后无德》有声小说 第 64 集	2020-08-21	1955	6	0
《皇后无德》有声小说 第 63 集	2020-08-21	1923	3	0
《皇后无德》有声小说 第 62 集	2020-08-21	1811	3	0
《皇后无德》有声小说 第 61 集	2020-08-21	1842	5	0
《皇后无德》有声小说 第 60 集	2020-08-21	2295	10	0
锦衣之下 有声小说 第 60 集	2020-08-21	1783	11	0
锦衣之下 有声小说 第 69 集	2020-08-21	1123	9	0
锦衣之下 有声小说 第 68 集	2020-08-21	1201	8	0
锦衣之下 有声小说 第 67 集	2020-08-21	1365	8	0
锦衣之下 有声小说 第 66 集	2020-08-21	1433	10	0
锦衣之下 有声小说 第 65 集	2020-08-21	1487	15	0
锦衣之下 有声小说 第 64 集	2020-08-21	1463	10	0
锦衣之下 有声小说 第 63 集	2020-08-21	1613	12	0
锦衣之下 有声小说 第 62 集	2020-08-21	1574	13	0
锦衣之下 有声小说 第 61 集	2020-08-21	1584	10	0
白日梦我 有声小说 第 04 集	2020-08-21	493	1	0
白日梦我 有声小说 第 03 集	2020-08-21	562	1	0
白日梦我 有声小说 第 02 集	2020-08-21	807	2	0
白日梦我 有声小说 第 01 集	2020-08-21	4332	23	3
锦衣之下 有声小说 第 59 集	2020-08-21	2033	14	4
锦衣之下 有声小说 第 58 集	2020-08-21	2113	11	1
锦衣之下 有声小说 第 57 集	2020-08-21	2773	12	0
锦衣之下 有声小说 第 56 集	2020-08-21	3298	18	0
锦衣之下 有声小说 第 55 集	2020-08-21	2522	10	0
锦衣之下 有声小说 第 54 集	2020-08-21	1976	8	0
锦衣之下 有声小说 第 53 集	2020-08-21	1904	8	0
全娱乐圈都在等我们离婚 第29集 （爆笑）有声小说 （是你先撞我心上）	2020-08-22	515	1	0
全娱乐圈都在等我们离婚 第28集 （爆笑）有声小说 （是你先撞我心上）	2020-08-22	497	0	0
全娱乐圈都在等我们离婚 第27集 （爆笑）有声小说 （是你先撞我心上）	2020-08-22	511	0	0
全娱乐圈都在等我们离婚 第26集 （爆笑）有声小说 （是你先撞我心上）	2020-08-22	536	0	0
全娱乐圈都在等我们离婚 第25集 （爆笑）有声小说 （是你先撞我心上）	2020-08-22	528	0	0
全娱乐圈都在等我们离婚 第24集 （爆笑）有声小说 （是你先撞我心上）	2020-08-22	494	0	0
全娱乐圈都在等我们离婚 第23集 （爆笑）有声小说 （是你先撞我心上）	2020-08-22	509	0	0
全娱乐圈都在等我们离婚 第22集 （爆笑）有声小说 （是你先撞我心上）	2020-08-22	546	0	0
全娱乐圈都在等我们离婚 第21集 （爆笑）有声小说 （是你先撞我心上）	2020-08-22	529	0	0
全娱乐圈都在等我们离婚（爆笑）第 20集 有声小说 （是你先撞我心上）	2020-08-22	532	0	0
《倾其所有去爱你》有声小说 第 29 集	2020-08-22	200	1	0
《倾其所有去爱你》有声小说 第 28 集	2020-08-22	205	0	0
《倾其所有去爱你》有声小说 第 27 集	2020-08-22	211	0	0
《倾其所有去爱你》有声小说 第 26 集	2020-08-22	185	0	0
《倾其所有去爱你》有声小说 第 25 集	2020-08-22	182	0	0
《倾其所有去爱你》有声小说 第 24 集	2020-08-22	183	0	0
《倾其所有去爱你》有声小说 第 23 集	2020-08-22	191	0	0
《倾其所有去爱你》有声小说 第 22 集	2020-08-22	220	0	0
《倾其所有去爱你》有声小说 第 21 集	2020-08-22	221	0	0
《倾其所有去爱你》有声小说 第 20 集	2020-08-22	203	0	0
锦衣之下 有声小说 第 79 集	2020-08-22	1089	14	2
锦衣之下 有声小说 第 77 集	2020-08-22	957	10	0
锦衣之下 有声小说 第 78 集	2020-08-22	1192	10	0
锦衣之下 有声小说 第 76 集	2020-08-22	903	9	0
锦衣之下 有声小说 第 75 集	2020-08-22	962	10	0
锦衣之下 有声小说 第 74 集	2020-08-22	950	10	0
锦衣之下 有声小说 第 73 集	2020-08-22	969	8	0
锦衣之下 有声小说 第 72 集	2020-08-22	969	13	0
锦衣之下 有声小说 第 71 集	2020-08-22	1000	8	0
锦衣之下 有声小说 第 70 集	2020-08-22	1088	14	0
全娱乐圈都在等我们离婚（爆笑）第 18集 有声小说 （是你先撞我心上）	2020-08-22	523	1	0
全娱乐圈都在等我们离婚（爆笑）第 19集 有声小说 （是你先撞我心上）	2020-08-22	530	0	0
全娱乐圈都在等我们离婚（爆笑）第 17集 有声小说 （是你先撞我心上）	2020-08-22	550	0	0
全娱乐圈都在等我们离婚（爆笑）第 16集 有声小说 （是你先撞我心上）	2020-08-22	517	1	0
全娱乐圈都在等我们离婚（爆笑）第 15集 有声小说 （是你先撞我心上）	2020-08-22	550	0	0
全娱乐圈都在等我们离婚（爆笑）第 14集 有声小说 （是你先撞我心上）	2020-08-22	546	0	0
全娱乐圈都在等我们离婚（爆笑）第 13集 有声小说 （是你先撞我心上）	2020-08-22	559	0	0
《偷偷藏不住》第 49 集 有声小说	2020-08-22	14531	68	2
《偷偷藏不住》第 48 集 有声小说	2020-08-22	14946	96	3
《偷偷藏不住》第 47 集 有声小说	2020-08-22	16775	93	0
《偷偷藏不住》第 46 集 有声小说	2020-08-22	14542	65	0
《偷偷藏不住》第 45 集 有声小说	2020-08-22	15536	85	1
《偷偷藏不住》第 44 集 有声小说	2020-08-22	14318	94	1
《偷偷藏不住》第 43 集 有声小说	2020-08-22	13614	64	0
《偷偷藏不住》第 42 集 有声小说	2020-08-22	12482	63	1
《偷偷藏不住》第 41 集 有声小说	2020-08-22	12165	58	0
《偷偷藏不住》第 40 集 有声小说	2020-08-22	14108	65	1
《陛下请自重:陛下请淡定》第 44 集 有声小说	2020-08-22	1604	7	0
《陛下请自重:陛下请淡定》第 43 集 有声小说	2020-08-22	1591	7	0
《陛下请自重:陛下请淡定》第 42 集 有声小说	2020-08-22	1547	6	0
《陛下请自重:陛下请淡定》第 41 集 有声小说	2020-08-22	1649	8	0
《陛下请自重:陛下请淡定》第 40 集 有声小说	2020-08-22	1628	5	0
《陛下请自重:陛下请淡定》第 39 集 有声小说	2020-08-22	1604	7	0
《陛下请自重:陛下请淡定》第 38 集 有声小说	2020-08-22	1737	10	0
《陛下请自重:陛下请淡定》第 37 集 有声小说	2020-08-22	1661	9	0
《陛下请自重/陛下请淡定》第 36 集 有声小说	2020-08-22	1649	11	0
白日梦我 有声小说 第 09 集	2020-08-22	368	0	1
白日梦我 有声小说 第 08 集	2020-08-22	357	2	0
白日梦我 有声小说 第 07 集	2020-08-22	398	2	0
白日梦我 有声小说 第 06 集	2020-08-22	410	2	0
白日梦我 有声小说 第 05 集	2020-08-22	419	1	0
《陛下请自重 陛下请淡定》第53集 有声小说	2020-08-23	2126	8	0
《陛下请自重 陛下请淡定》第52集 有声小说	2020-08-23	1865	11	0
《陛下请自重 陛下请淡定》第51集 有声小说	2020-08-23	1692	8	0
《陛下请自重 陛下请淡定》第50集 有声小说	2020-08-23	1855	10	0
《陛下请自重 陛下请淡定》第49集 有声小说	2020-08-23	1760	11	0
《陛下请自重 陛下请淡定》第48集 有声小说	2020-08-23	1741	9	0
《陛下请自重 陛下请淡定》第47集 有声小说	2020-08-23	1689	7	0
《陛下请自重 陛下请淡定》第46集 有声小说	2020-08-23	1719	6	0
《陛下请自重:陛下请淡定》第 45 集 有声小说	2020-08-23	1700	10	0
全娱乐圈都在等我们离婚（爆笑）第39集 有声小说 （是你先撞我心上）	2020-08-23	481	0	0
全娱乐圈都在等我们离婚（爆笑）第38集 有声小说 （是你先撞我心上）	2020-08-23	483	1	0
全娱乐圈都在等我们离婚（爆笑）第37集 有声小说 （是你先撞我心上）	2020-08-23	516	0	0
全娱乐圈都在等我们离婚（爆笑）第36集 有声小说 （是你先撞我心上）	2020-08-23	527	0	2
全娱乐圈都在等我们离婚（爆笑）第35集 有声小说 （是你先撞我心上）	2020-08-23	513	0	0
全娱乐圈都在等我们离婚（爆笑）第34集 有声小说 （是你先撞我心上）	2020-08-23	515	0	0
全娱乐圈都在等我们离婚（爆笑）第33集 有声小说 （是你先撞我心上）	2020-08-23	483	0	0
全娱乐圈都在等我们离婚（爆笑）第32集 有声小说 （是你先撞我心上）	2020-08-23	502	1	0
全娱乐圈都在等我们离婚（爆笑）第31集 有声小说 （是你先撞我心上）	2020-08-23	540	0	0
全娱乐圈都在等我们离婚 第30集 （爆笑）有声小说 （是你先撞我心上）	2020-08-23	536	1	0
锦衣之下 有声小说 第89集	2020-08-23	1084	10	1
锦衣之下 有声小说 第88集	2020-08-23	1071	9	0
锦衣之下 有声小说 第87集	2020-08-23	1011	6	2
锦衣之下 有声小说 第86集	2020-08-23	962	7	0
锦衣之下 有声小说 第85集	2020-08-23	1041	10	0
锦衣之下 有声小说 第84集	2020-08-23	1132	11	0
锦衣之下 有声小说 第83集	2020-08-23	996	10	0
锦衣之下 有声小说 第82集	2020-08-23	1010	7	0
锦衣之下 有声小说 第81集	2020-08-23	940	9	0
锦衣之下 有声小说 第 80 集	2020-08-23	1035	15	1
《陛下请自重 陛下请淡定》第64集 有声小说	2020-08-24	1906	5	0
《陛下请自重 陛下请淡定》第63集 有声小说	2020-08-24	1917	11	4
《陛下请自重 陛下请淡定》第62集 有声小说	2020-08-24	1859	10	0
《陛下请自重 陛下请淡定》第61集 有声小说	2020-08-24	1924	15	0
《陛下请自重 陛下请淡定》第60集 有声小说	2020-08-24	1830	11	0
《陛下请自重 陛下请淡定》第59集 有声小说	2020-08-24	1715	12	0
《陛下请自重 陛下请淡定》第58集 有声小说	2020-08-24	1573	11	0
《陛下请自重 陛下请淡定》第57集 有声小说	2020-08-24	1628	12	0
《陛下请自重 陛下请淡定》第56集 有声小说	2020-08-24	1593	10	0
《陛下请自重 陛下请淡定》第55集 有声小说	2020-08-24	1823	8	0
《皇后无德》有声小说 第79集	2020-08-24	1435	5	0
《皇后无德》有声小说 第78集	2020-08-24	1411	7	0
《皇后无德》有声小说 第77集	2020-08-24	1397	9	0
《皇后无德》有声小说 第76集	2020-08-24	1488	5	0
《皇后无德》有声小说 第75集	2020-08-24	1608	7	0
《皇后无德》有声小说 第74集	2020-08-24	1588	6	0
《皇后无德》有声小说 第73集	2020-08-24	1829	9	0
《皇后无德》有声小说 第72集	2020-08-24	3197	14	0
《皇后无德》有声小说 第71集	2020-08-24	1744	3	0
《皇后无德》有声小说 第 70 集	2020-08-24	1678	2	0
《偷偷藏不住》第59集 有声小说	2020-08-24	16334	81	0
《偷偷藏不住》第58集 有声小说	2020-08-24	15948	83	1
《偷偷藏不住》第57集 有声小说	2020-08-24	13881	66	0
《偷偷藏不住》第56集 有声小说	2020-08-24	13601	68	0
《偷偷藏不住》第55集 有声小说	2020-08-24	13909	56	1
《偷偷藏不住》第54集 有声小说	2020-08-24	13483	64	1
《偷偷藏不住》第53集 有声小说	2020-08-24	13658	54	0
《偷偷藏不住》第52集 有声小说	2020-08-24	15699	93	0
《偷偷藏不住》第51集 有声小说	2020-08-24	14138	68	0
《偷偷藏不住》第 50 集 有声小说	2020-08-24	15335	83	0
锦衣之下 有声小说 第97集	2020-08-24	983	7	2
锦衣之下 有声小说 第96集	2020-08-24	1023	5	0
锦衣之下 有声小说 第95集	2020-08-24	1121	12	0
锦衣之下 有声小说 第94集	2020-08-24	1000	6	0
锦衣之下 有声小说 第93集	2020-08-24	1001	6	1
锦衣之下 有声小说 第92集	2020-08-24	961	7	0
锦衣之下 有声小说 第91集	2020-08-24	1050	7	0
锦衣之下 有声小说 第90集	2020-08-24	1070	6	0
《陛下请自重 陛下请淡定》第54集 有声小说	2020-08-24	1781	10	0
《陛下请自重 陛下请淡定》第69集 有声小说	2020-08-25	1839	8	0
《陛下请自重 陛下请淡定》第68集 有声小说	2020-08-25	1983	9	0
《陛下请自重 陛下请淡定》第67集 有声小说	2020-08-25	2089	9	0
《陛下请自重 陛下请淡定》第66集 有声小说	2020-08-25	2217	13	0
《陛下请自重 陛下请淡定》第65集 有声小说	2020-08-25	2441	9	0
假如爱情听不见 第09集 有声小说（读心术）	2020-08-25	851	3	0
假如爱情听不见 第08集 有声小说（读心术）	2020-08-25	870	2	0
假如爱情听不见 第07集 有声小说（读心术）	2020-08-25	875	3	0
假如爱情听不见 第06集 有声小说（读心术）	2020-08-25	886	3	0
Sleep music with rain | one-hour Chinese song | 董贞	2020-08-25	68	3	0
锦衣之下 有声小说 第103集（完）	2020-08-25	2462	26	4
锦衣之下 有声小说 第102集	2020-08-25	1029	6	0
锦衣之下 有声小说 第101集	2020-08-25	865	7	0
锦衣之下 有声小说 第100集	2020-08-25	881	7	0
锦衣之下 有声小说 第99集	2020-08-25	947	4	0
锦衣之下 有声小说 第98集	2020-08-25	937	7	0
假如爱情听不见 第05集 有声小说（读心术）	2020-08-25	1155	5	0
假如爱情听不见 第04集 有声小说（读心术）	2020-08-25	1268	3	0
假如爱情听不见 第03集 有声小说（读心术）	2020-08-25	1388	4	0
假如爱情听不见 第02集 有声小说（读心术）	2020-08-25	1788	6	0
假如爱情听不见 第01集 有声小说（读心术）	2020-08-25	5968	19	1
全娱乐圈都在等我们离婚 第49集（爆笑）有声小说 （是你先撞我心上）	2020-08-26	492	2	0
全娱乐圈都在等我们离婚 第48集（爆笑）有声小说 （是你先撞我心上）	2020-08-26	512	0	0
全娱乐圈都在等我们离婚 第47集（爆笑）有声小说 （是你先撞我心上）	2020-08-26	498	0	0
全娱乐圈都在等我们离婚 第46集（爆笑）有声小说 （是你先撞我心上）	2020-08-26	502	0	0
全娱乐圈都在等我们离婚 第45集（爆笑）有声小说 （是你先撞我心上）	2020-08-26	518	0	0
《陛下请自重 陛下请淡定》第74集 有声小说	2020-08-26	2546	10	0
《陛下请自重 陛下请淡定》第73集 有声小说	2020-08-26	2752	17	0
《陛下请自重 陛下请淡定》第72集 有声小说	2020-08-26	2072	10	0
《陛下请自重 陛下请淡定》第71集 有声小说	2020-08-26	2127	11	0
《陛下请自重 陛下请淡定》第70集 有声小说	2020-08-26	1953	9	0
全娱乐圈都在等我们离婚 第44集（爆笑）有声小说 （是你先撞我心上）	2020-08-26	552	1	0
全娱乐圈都在等我们离婚 第43集（爆笑）有声小说 （是你先撞我心上）	2020-08-26	547	1	0
全娱乐圈都在等我们离婚 第42集（爆笑）有声小说 （是你先撞我心上）	2020-08-26	513	0	0
全娱乐圈都在等我们离婚 第41集（爆笑） 有声小说 （是你先撞我心上）	2020-08-26	524	0	0
全娱乐圈都在等我们离婚（爆笑）第40集 有声小说 （是你先撞我心上）	2020-08-26	536	0	0
《皇后无德》有声小说 第85集	2020-08-26	1327	6	0
《皇后无德》有声小说 第84集	2020-08-26	1395	10	0
《皇后无德》有声小说 第83集	2020-08-26	1524	3	0
《皇后无德》有声小说 第82集	2020-08-26	1467	4	0
《皇后无德》有声小说 第81集	2020-08-26	1412	6	0
《皇后无德》有声小说 第80集	2020-08-26	1490	4	0
《皇后无德》有声小说 第90集	2020-08-27	1387	8	0
《皇后无德》有声小说 第89集	2020-08-27	1214	4	0
《皇后无德》有声小说 第88集	2020-08-27	1240	5	0
《皇后无德》有声小说 第87集	2020-08-27	1237	5	0
《皇后无德》有声小说 第86集	2020-08-27	1223	6	0
《皇后无德》有声小说 第95集	2020-08-28	1387	6	0
《皇后无德》有声小说 第94集	2020-08-28	1351	10	0
《皇后无德》有声小说 第93集	2020-08-28	1431	8	0
《皇后无德》有声小说 第92集	2020-08-28	1488	6	0
《皇后无德》有声小说 第91集	2020-08-28	1367	7	0
全娱乐圈都在等我们离婚（爆笑）第54集 有声小说 （是你先撞我心上）	2020-08-28	503	1	0
全娱乐圈都在等我们离婚（爆笑）第53集 有声小说 （是你先撞我心上）	2020-08-28	507	0	0
全娱乐圈都在等我们离婚（爆笑）第52集 有声小说 （是你先撞我心上）	2020-08-28	478	0	0
全娱乐圈都在等我们离婚（爆笑）第51集 有声小说 （是你先撞我心上）	2020-08-28	518	0	0
全娱乐圈都在等我们离婚 第50集（爆笑）有声小说 （是你先撞我心上）	2020-08-28	525	0	0
《陛下请自重 陛下请淡定》第79集 有声小说	2020-08-28	1594	8	0
《陛下请自重 陛下请淡定》第78集 有声小说	2020-08-28	1724	3	0
《陛下请自重 陛下请淡定》第77集 有声小说	2020-08-28	1787	13	0
《陛下请自重 陛下请淡定》第76集 有声小说	2020-08-28	1755	9	0
《陛下请自重 陛下请淡定》第75集 有声小说	2020-08-28	1998	7	0
《皇后无德》有声小说 第102集 完	2020-08-29	3280	6	0
《皇后无德》有声小说 第101集	2020-08-29	2911	14	0
《皇后无德》有声小说 第100集	2020-08-29	2456	12	0
《皇后无德》有声小说 第99集	2020-08-29	1781	8	0
《皇后无德》有声小说 第98集	2020-08-29	1750	8	0
《皇后无德》有声小说 第97集	2020-08-29	1494	6	0
《皇后无德》有声小说 第96集	2020-08-29	1377	5	0
假如爱情听不见 第14集 有声小说（读心术）	2020-08-29	728	1	0
假如爱情听不见 第13集 有声小说（读心术）	2020-08-29	770	5	0
假如爱情听不见 第12集 有声小说（读心术）	2020-08-29	785	7	0
假如爱情听不见 第11集 有声小说（读心术）	2020-08-29	773	2	0
假如爱情听不见 第10集 有声小说（读心术）	2020-08-29	836	5	0
《陛下请自重 陛下请淡定》第84集 有声小说	2020-08-30	1462	9	0
《陛下请自重 陛下请淡定》第83集 有声小说	2020-08-30	1523	11	0
《陛下请自重 陛下请淡定》第82集 有声小说	2020-08-30	1418	9	0
《陛下请自重 陛下请淡定》第81集 有声小说	2020-08-30	1377	6	0
《陛下请自重 陛下请淡定》第80集 有声小说	2020-08-30	1578	7	0
sleep music with rain | 董贞 | one-hour Chinese song 超好聽的古典睡眠音樂 Musica Tradicional China	2020-08-30	68	1	2
全娱乐圈都在等我们离婚（爆笑）第59集 有声小说 （是你先撞我心上）	2020-09-01	523	0	0
全娱乐圈都在等我们离婚（爆笑）第58集 有声小说 （是你先撞我心上）	2020-09-01	479	0	0
全娱乐圈都在等我们离婚（爆笑）第57集 有声小说 （是你先撞我心上）	2020-09-01	461	0	0
全娱乐圈都在等我们离婚（爆笑）第56集 有声小说 （是你先撞我心上）	2020-09-01	471	1	0
全娱乐圈都在等我们离婚（爆笑）第55集 有声小说 （是你先撞我心上）	2020-09-01	492	0	0
镜花水月 短篇有声小说 第6章	2020-09-02	106	2	0
镜花水月 短篇有声小说 第5章	2020-09-02	57	0	0
镜花水月 短篇有声小说 第4章	2020-09-02	62	1	0
镜花水月 短篇有声小说 第3章	2020-09-02	49	0	0
镜花水月 短篇有声小说 第2章	2020-09-02	122	0	0
镜花水月 短篇有声小说 第1章	2020-09-02	909	2	0
《陛下请自重 陛下请淡定》第90集 有声小说	2020-09-02	1424	9	0
《陛下请自重 陛下请淡定》第89集 有声小说	2020-09-02	1252	6	0
《陛下请自重 陛下请淡定》第88集 有声小说	2020-09-02	1297	7	0
《陛下请自重 陛下请淡定》第87集 有声小说	2020-09-02	1264	7	0
《陛下请自重 陛下请淡定》第86集 有声小说	2020-09-02	1346	6	0
《陛下请自重 陛下请淡定》第85集 有声小说	2020-09-02	1292	5	0
《陛下请自重 陛下请淡定》第96集 有声小说	2020-09-03	1185	5	0
《陛下请自重 陛下请淡定》第95集 有声小说	2020-09-03	1210	6	0
《陛下请自重 陛下请淡定》第94集 有声小说	2020-09-03	1222	6	0
《陛下请自重 陛下请淡定》第93集 有声小说	2020-09-03	1166	4	0
《陛下请自重 陛下请淡定》第92集 有声小说	2020-09-03	1336	14	0
《陛下请自重 陛下请淡定》第91集 有声小说	2020-09-03	1340	6	0
假如爱情听不见 第19集 有声小说（读心术）	2020-09-04	606	1	0
假如爱情听不见 第18集 有声小说（读心术）	2020-09-04	693	2	0
假如爱情听不见 第17集 有声小说（读心术）	2020-09-04	689	3	0
假如爱情听不见 第16集 有声小说（读心术）	2020-09-04	659	2	0
假如爱情听不见 第15集 有声小说（读心术）	2020-09-04	729	4	0
《陛下请自重 陛下请淡定》第103集 有声小说（完）	2020-09-04	2448	23	0
《陛下请自重 陛下请淡定》第102集 有声小说	2020-09-04	1361	10	0
《陛下请自重 陛下请淡定》第101集 有声小说	2020-09-04	1174	8	0
《陛下请自重 陛下请淡定》第100集 有声小说	2020-09-04	1161	9	0
《陛下请自重 陛下请淡定》第99集 有声小说	2020-09-04	1211	10	0
《陛下请自重 陛下请淡定》第98集 有声小说	2020-09-04	1119	11	0
《陛下请自重 陛下请淡定》第97集 有声小说	2020-09-04	1170	7	0
《倾其所有去爱你》有声小说 第34集	2020-09-05	177	0	0
《倾其所有去爱你》有声小说 第33集	2020-09-05	164	0	0
《倾其所有去爱你》有声小说 第32集	2020-09-05	174	1	0
《倾其所有去爱你》有声小说 第31集	2020-09-05	193	0	0
《倾其所有去爱你》有声小说 第 30 集	2020-09-05	220	0	0
全娱乐圈都在等我们离婚（爆笑）第64集 有声小说 （是你先撞我心上）	2020-09-05	460	2	0
全娱乐圈都在等我们离婚（爆笑）第63集 有声小说 （是你先撞我心上）	2020-09-05	455	0	3
全娱乐圈都在等我们离婚（爆笑）第62集 有声小说 （是你先撞我心上）	2020-09-05	445	1	0
全娱乐圈都在等我们离婚（爆笑）第61集 有声小说 （是你先撞我心上）	2020-09-05	476	1	0
全娱乐圈都在等我们离婚（爆笑）第60集 有声小说 （是你先撞我心上）	2020-09-05	463	0	0
白日梦我 有声小说 第13集	2020-09-06	129	0	0
白日梦我 有声小说 第12集	2020-09-06	137	0	0
白日梦我 有声小说 第11集	2020-09-06	167	0	1
白日梦我 有声小说 第 10 集	2020-09-06	278	0	0
《倾其所有去爱你》有声小说 第40集	2020-09-06	141	0	0
《倾其所有去爱你》有声小说 第39集	2020-09-06	146	1	0
《倾其所有去爱你》有声小说 第38集	2020-09-06	147	0	0
《倾其所有去爱你》有声小说 第37集	2020-09-06	156	0	0
《倾其所有去爱你》有声小说 第36集	2020-09-06	165	0	0
《倾其所有去爱你》有声小说 第35集	2020-09-06	165	0	0
假如爱情听不见 第24集 有声小说（读心术）	2020-09-07	654	4	0
假如爱情听不见 第23集 有声小说（读心术）	2020-09-07	683	3	0
假如爱情听不见 第22集 有声小说（读心术）	2020-09-07	696	1	0
假如爱情听不见 第21集 有声小说（读心术）	2020-09-07	639	4	0
假如爱情听不见 第20集 有声小说（读心术）	2020-09-07	641	4	0
《倾其所有去爱你》有声小说 第45集	2020-09-07	185	0	0
《倾其所有去爱你》有声小说 第44集	2020-09-07	188	0	0
《倾其所有去爱你》有声小说 第43集	2020-09-07	177	0	0
《倾其所有去爱你》有声小说 第42集	2020-09-07	166	0	0
《倾其所有去爱你》有声小说 第41集	2020-09-07	161	1	0
全娱乐圈都在等我们离婚（爆笑）第69集 有声小说 （是你先撞我心上）	2020-09-07	437	0	0
全娱乐圈都在等我们离婚（爆笑）第68集 有声小说 （是你先撞我心上）	2020-09-07	450	0	0
全娱乐圈都在等我们离婚（爆笑）第67集 有声小说 （是你先撞我心上）	2020-09-07	441	0	0
全娱乐圈都在等我们离婚（爆笑）第66集 有声小说 （是你先撞我心上）	2020-09-07	484	0	0
全娱乐圈都在等我们离婚（爆笑）第65集 有声小说 （是你先撞我心上）	2020-09-07	464	0	0
《倾其所有去爱你》有声小说 第49集	2020-09-08	190	0	0
《倾其所有去爱你》有声小说 第48集	2020-09-08	160	0	0
《倾其所有去爱你》有声小说 第47集	2020-09-08	162	1	0
《倾其所有去爱你》有声小说 第46集	2020-09-08	181	0	0
白日梦我 有声小说 第16集	2020-09-08	426	0	0
白日梦我 有声小说 第15集	2020-09-08	155	0	0
白日梦我 有声小说 第14集	2020-09-08	144	0	0
假如爱情听不见 第29集 有声小说（读心术）	2020-09-09	563	4	0
假如爱情听不见 第28集 有声小说（读心术）	2020-09-09	561	3	0
假如爱情听不见 第27集 有声小说（读心术）	2020-09-09	565	2	0
假如爱情听不见 第26集 有声小说（读心术）	2020-09-09	583	3	0
假如爱情听不见 第25集 有声小说（读心术）	2020-09-09	612	0	0
《倾其所有去爱你》有声小说 第53集 (完)	2020-09-09	270	2	0
《倾其所有去爱你》有声小说 第52集	2020-09-09	184	0	0
《倾其所有去爱你》有声小说 第51集	2020-09-09	173	1	0
《倾其所有去爱你》有声小说 第50集	2020-09-09	204	0	0
想入非非 有声小说 第9章	2020-09-10	707	4	0
想入非非 有声小说 第8章	2020-09-10	795	4	0
想入非非 有声小说 第7章	2020-09-10	822	2	0
想入非非 有声小说 第6章	2020-09-10	872	4	0
想入非非 有声小说 第5章	2020-09-10	967	3	0
sleep music for an hour with rain | 董贞 | Chinese song 超好聽的古典睡眠音樂 Musica Tradicional China	2020-09-10	116	4	2
想入非非 有声小说 第4章	2020-09-10	1435	5	0
想入非非 有声小说 第3章	2020-09-10	1800	11	0
想入非非 有声小说 第2章	2020-09-10	1994	9	0
想入非非 有声小说 第1章	2020-09-10	10311	31	1
全娱乐圈都在等我们离婚（爆笑）第74集 有声小说 （是你先撞我心上）	2020-09-12	460	2	0
全娱乐圈都在等我们离婚（爆笑）第73集 有声小说 （是你先撞我心上）	2020-09-12	453	0	0
全娱乐圈都在等我们离婚（爆笑）第72集 有声小说 （是你先撞我心上）	2020-09-12	466	0	0
全娱乐圈都在等我们离婚（爆笑）第71集 有声小说 （是你先撞我心上）	2020-09-12	454	0	0
全娱乐圈都在等我们离婚（爆笑）第70集 有声小说 （是你先撞我心上）	2020-09-12	476	0	0
《偷偷藏不住》第60集 有声小说	2020-09-12	17910	95	1
假如爱情听不见 第34集 有声小说（读心术）	2020-09-13	589	2	0
假如爱情听不见 第33集 有声小说（读心术）	2020-09-13	598	4	0
假如爱情听不见 第32集 有声小说（读心术）	2020-09-13	571	5	0
假如爱情听不见 第31集 有声小说（读心术）	2020-09-13	562	3	0
假如爱情听不见 第30集 有声小说（读心术）	2020-09-13	544	5	1
想入非非 有声小说 第14章	2020-09-13	588	3	0
想入非非 有声小说 第13章	2020-09-13	612	5	0
想入非非 有声小说 第12章	2020-09-13	594	5	0
想入非非 有声小说 第11章	2020-09-13	579	3	0
想入非非 有声小说 第10章	2020-09-13	645	6	0
全娱乐圈都在等我们离婚（爆笑）第79集 有声小说 （是你先撞我心上）	2020-09-15	483	0	0
全娱乐圈都在等我们离婚（爆笑）第78集 有声小说 （是你先撞我心上）	2020-09-15	469	0	0
全娱乐圈都在等我们离婚（爆笑）第77集 有声小说 （是你先撞我心上）	2020-09-15	464	0	0
全娱乐圈都在等我们离婚（爆笑）第76集 有声小说 （是你先撞我心上）	2020-09-15	479	0	0
全娱乐圈都在等我们离婚（爆笑）第75集 有声小说 （是你先撞我心上）	2020-09-15	469	0	0
想入非非 有声小说 第19章	2020-09-15	587	3	0
想入非非 有声小说 第18章	2020-09-15	561	3	0
想入非非 有声小说 第17章	2020-09-15	554	1	0
想入非非 有声小说 第16章	2020-09-15	530	2	0
想入非非 有声小说 第15章	2020-09-15	560	0	0
sleep music with rain | one-hour Chinese song 董贞 | 超好聽的古典睡眠音樂 Musica Tradicional China	2020-09-15	56	1	0
假如爱情听不见 第39集 有声小说（读心术）	2020-09-15	487	1	0
假如爱情听不见 第38集 有声小说（读心术）	2020-09-15	479	1	0
假如爱情听不见 第37集 有声小说（读心术）	2020-09-15	529	2	0
假如爱情听不见 第36集 有声小说（读心术）	2020-09-15	523	1	0
假如爱情听不见 第35集 有声小说（读心术）	2020-09-15	540	3	0
假如爱情听不见 第43集 有声小说（读心术）	2020-09-19	456	4	0
假如爱情听不见 第42集 有声小说（读心术）	2020-09-19	477	2	0
假如爱情听不见 第41集 有声小说（读心术）	2020-09-19	506	1	0
假如爱情听不见 第40集 有声小说（读心术）	2020-09-19	510	2	0
公主贵性 有声小说 第09集 （爷是公主，不是郎）	2020-09-19	206	1	0
公主贵性 有声小说 第08集 （爷是公主，不是郎）	2020-09-19	216	2	0
公主贵性 有声小说 第07集 （爷是公主，不是郎）	2020-09-19	221	1	0
公主贵性 有声小说 第06集 （爷是公主，不是郎）	2020-09-19	242	2	0
公主贵性 有声小说 第05集 （爷是公主，不是郎）	2020-09-19	251	0	0
公主贵性 有声小说 第04集 （爷是公主，不是郎）	2020-09-19	286	1	0
公主贵性 有声小说 第03集 （爷是公主，不是郎）	2020-09-19	400	1	1
公主贵性 有声小说 第02集 （爷是公主，不是郎）	2020-09-19	483	1	0
公主贵性 有声小说 第01集 （爷是公主，不是郎）	2020-09-19	1981	8	2
落花时节又逢君 有声小说 第09集	2020-09-20	227	1	0
落花时节又逢君 有声小说 第08集	2020-09-20	271	3	0
公主贵性 有声小说 第10集 （爷是公主，不是郎）	2020-09-20	181	0	0
落花时节又逢君 有声小说 第07集	2020-09-20	311	4	0
落花时节又逢君 有声小说 第06集	2020-09-20	444	5	0
落花时节又逢君 有声小说 第05集	2020-09-20	462	4	0
落花时节又逢君 有声小说 第04集	2020-09-20	618	5	0
落花时节又逢君 有声小说 第03集	2020-09-20	881	4	0
落花时节又逢君 有声小说 第02集	2020-09-20	1483	7	0
落花时节又逢君 有声小说 第01集	2020-09-20	7269	36	3
假如爱情听不见 第45集 有声小说（读心术）	2020-09-20	484	2	0
假如爱情听不见 第44集 有声小说（读心术）	2020-09-20	467	2	0
想入非非 有声小说 第21章	2020-09-21	516	3	0
想入非非 有声小说 第20章	2020-09-21	586	1	0
公主贵性 有声小说 第15集 （爷是公主，不是郎）	2020-09-21	153	0	0
公主贵性 有声小说 第14集 （爷是公主，不是郎）	2020-09-21	118	0	0
公主贵性 有声小说 第13集 （爷是公主，不是郎）	2020-09-21	140	1	0
公主贵性 有声小说 第12集 （爷是公主，不是郎）	2020-09-21	136	2	0
公主贵性 有声小说 第11集 （爷是公主，不是郎）	2020-09-21	150	1	0
假如爱情听不见 第49集 有声小说（读心术）	2020-09-22	461	2	0
假如爱情听不见 第48集 有声小说（读心术）	2020-09-22	435	2	0
假如爱情听不见 第47集 有声小说（读心术）	2020-09-22	437	1	0
假如爱情听不见 第46集 有声小说（读心术）	2020-09-22	442	2	0
公主贵性 有声小说 第18集 （爷是公主，不是郎）	2020-09-22	100	0	0
公主贵性 有声小说 第17集 （爷是公主，不是郎）	2020-09-22	120	0	0
公主贵性 有声小说 第16集 （爷是公主，不是郎）	2020-09-22	124	1	0
想入非非 有声小说 第24章	2020-09-22	636	4	0
想入非非 有声小说 第23章	2020-09-22	499	3	0
想入非非 有声小说 第22章	2020-09-22	499	4	0
全娱乐圈都在等我们离婚（爆笑）第80集 有声小说 （是你先撞我心上）	2020-09-23	477	0	0
公主贵性 有声小说 第19集 （爷是公主，不是郎）	2020-09-23	91	0	0
想入非非 有声小说 第29章	2020-09-23	488	2	0
想入非非 有声小说 第28章	2020-09-23	473	2	0
想入非非 有声小说 第27章	2020-09-23	446	2	0
想入非非 有声小说 第26章	2020-09-23	472	2	0
想入非非 有声小说 第25章	2020-09-23	492	4	0
全娱乐圈都在等我们离婚（爆笑）第86集 有声小说 （是你先撞我心上）	2020-09-24	477	0	0
全娱乐圈都在等我们离婚（爆笑）第85集 有声小说 （是你先撞我心上）	2020-09-24	484	0	0
落花时节又逢君 有声小说 第14集	2020-09-24	193	2	0
落花时节又逢君 有声小说 第13集	2020-09-24	214	2	0
落花时节又逢君 有声小说 第12集	2020-09-24	209	2	0
落花时节又逢君 有声小说 第11集	2020-09-24	199	1	0
落花时节又逢君 有声小说 第10集	2020-09-24	219	2	0
全娱乐圈都在等我们离婚（爆笑）第84集 有声小说 （是你先撞我心上）	2020-09-24	493	1	0
全娱乐圈都在等我们离婚（爆笑）第83集 有声小说 （是你先撞我心上）	2020-09-24	470	1	0
全娱乐圈都在等我们离婚（爆笑）第82集 有声小说 （是你先撞我心上）	2020-09-24	440	1	0
全娱乐圈都在等我们离婚（爆笑）第81集 有声小说 （是你先撞我心上）	2020-09-24	493	0	0
公主贵性 有声小说 第23集 （爷是公主，不是郎）	2020-09-24	101	0	0
公主贵性 有声小说 第22集 （爷是公主，不是郎）	2020-09-24	95	0	0
公主贵性 有声小说 第21集 （爷是公主，不是郎）	2020-09-24	85	0	0
公主贵性 有声小说 第20集 （爷是公主，不是郎）	2020-09-24	99	0	0
公主贵性 有声小说 第25集 （爷是公主，不是郎）	2020-09-25	102	0	0
公主贵性 有声小说 第24集 （爷是公主，不是郎）	2020-09-25	92	0	0
全娱乐圈都在等我们离婚（爆笑）第94集 有声小说 （是你先撞我心上）	2020-09-25	463	0	0
全娱乐圈都在等我们离婚（爆笑）第93集 有声小说 （是你先撞我心上）	2020-09-25	459	1	0
全娱乐圈都在等我们离婚（爆笑）第92集 有声小说 （是你先撞我心上）	2020-09-25	432	0	0
全娱乐圈都在等我们离婚（爆笑）第91集 有声小说 （是你先撞我心上）	2020-09-25	451	0	0
全娱乐圈都在等我们离婚（爆笑）第90集 有声小说 （是你先撞我心上）	2020-09-25	468	0	0
全娱乐圈都在等我们离婚（爆笑）第89集 有声小说 （是你先撞我心上）	2020-09-25	447	0	0
全娱乐圈都在等我们离婚（爆笑）第88集 有声小说 （是你先撞我心上）	2020-09-25	476	0	0
全娱乐圈都在等我们离婚（爆笑）第87集 有声小说 （是你先撞我心上）	2020-09-25	453	0	0
落花时节又逢君 有声小说 第18集	2020-09-26	210	2	0
落花时节又逢君 有声小说 第17集	2020-09-26	166	1	0
落花时节又逢君 有声小说 第16集	2020-09-26	192	2	0
落花时节又逢君 有声小说 第15集	2020-09-26	218	1	0
公主贵性 有声小说 第28集 （爷是公主，不是郎）	2020-09-26	94	0	0
公主贵性 有声小说 第27集 （爷是公主，不是郎）	2020-09-26	93	0	0
公主贵性 有声小说 第26集 （爷是公主，不是郎）	2020-09-26	100	0	0
假如爱情听不见 有声小说 第52集（读心术）	2020-09-27	758	5	1
假如爱情听不见 有声小说 第51集（读心术）	2020-09-27	506	2	0
假如爱情听不见 第50集 有声小说（读心术）	2020-09-27	492	1	0
落花时节又逢君 有声小说 第19集	2020-09-27	427	4	0
《调笑令》有声小说第06集（网剧《师爷请自重》原著小说 作者酒小七）	2020-09-28	516	0	0
《调笑令》有声小说第05集（网剧《师爷请自重》原著小说 作者酒小七）	2020-09-28	571	0	0
《调笑令》有声小说第04集（网剧《师爷请自重》原著小说 作者酒小七）	2020-09-28	779	1	0
《调笑令》有声小说第03集（网剧《师爷请自重》原著小说 作者酒小七）	2020-09-28	886	1	0
《调笑令》有声小说第02集（网剧《师爷请自重》原著小说 作者酒小七）	2020-09-28	1290	4	0
《调笑令》有声小说第01集（网剧《师爷请自重》原著小说 作者酒小七）	2020-09-28	4060	14	0
全娱乐圈都在等我们离婚（爆笑）第95集 有声小说 （是你先撞我心上）	2020-09-29	480	1	0
《调笑令》有声小说第09集（网剧《师爷请自重》原著小说 作者酒小七）	2020-09-29	451	1	0
《调笑令》有声小说第08集（网剧《师爷请自重》原著小说 作者酒小七）	2020-09-29	472	2	0
《调笑令》有声小说第07集（网剧《师爷请自重》原著小说 作者酒小七）	2020-09-29	484	2	0
全娱乐圈都在等我们离婚（爆笑）第103集 有声小说 （是你先撞我心上）	2020-09-30	327	0	0
全娱乐圈都在等我们离婚（爆笑）第102集 有声小说 （是你先撞我心上）	2020-09-30	332	0	0
全娱乐圈都在等我们离婚（爆笑）第101集 有声小说 （是你先撞我心上）	2020-09-30	349	1	0
全娱乐圈都在等我们离婚（爆笑）第100集 有声小说 （是你先撞我心上）	2020-09-30	395	0	0
全娱乐圈都在等我们离婚（爆笑）第99集 有声小说 （是你先撞我心上）	2020-09-30	401	1	0
全娱乐圈都在等我们离婚（爆笑）第98集 有声小说 （是你先撞我心上）	2020-09-30	416	0	0
全娱乐圈都在等我们离婚（爆笑）第97集 有声小说 （是你先撞我心上）	2020-09-30	406	0	0
全娱乐圈都在等我们离婚（爆笑）第96集 有声小说 （是你先撞我心上）	2020-09-30	473	1	0
《调笑令》有声小说第10集（网剧《师爷请自重》原著小说 作者酒小七）	2020-10-01	463	0	0
想入非非 有声小说 第34章	2020-10-01	496	2	0
想入非非 有声小说 第33章	2020-10-01	477	1	0
想入非非 有声小说 第32章	2020-10-01	465	1	0
想入非非 有声小说 第31章	2020-10-01	520	3	0
想入非非 有声小说 第30章	2020-10-01	480	1	0
全娱乐圈都在等我们离婚（爆笑）第106集 有声小说 （是你先撞我心上）	2020-10-01	335	0	0
全娱乐圈都在等我们离婚（爆笑）第105集 有声小说 （是你先撞我心上）	2020-10-01	334	0	0
全娱乐圈都在等我们离婚（爆笑）第104集 有声小说 （是你先撞我心上）	2020-10-01	308	0	0
全娱乐圈都在等我们离婚（爆笑）第110集 有声小说 （是你先撞我心上）	2020-10-02	239	0	0
全娱乐圈都在等我们离婚（爆笑）第109集 有声小说 （是你先撞我心上）	2020-10-02	261	0	0
全娱乐圈都在等我们离婚（爆笑）第108集 有声小说 （是你先撞我心上）	2020-10-02	241	0	0
全娱乐圈都在等我们离婚（爆笑）第107集 有声小说 （是你先撞我心上）	2020-10-02	290	0	0
《调笑令》有声小说第14集（网剧《师爷请自重》原著小说 作者酒小七）	2020-10-02	367	1	0
《调笑令》有声小说第13集（网剧《师爷请自重》原著小说 作者酒小七）	2020-10-02	339	0	0
《调笑令》有声小说第12集（网剧《师爷请自重》原著小说 作者酒小七）	2020-10-02	370	0	0
《调笑令》有声小说第11集（网剧《师爷请自重》原著小说 作者酒小七）	2020-10-02	399	0	0
《偷偷藏不住》第65集 有声小说	2020-10-03	15453	81	2
《偷偷藏不住》第64集 有声小说	2020-10-03	14533	66	0
《偷偷藏不住》第63集 有声小说	2020-10-03	15763	99	0
《偷偷藏不住》第62集 有声小说	2020-10-03	14647	93	4
《偷偷藏不住》第61集 有声小说	2020-10-03	14704	83	0
想入非非 有声小说 第39章	2020-10-03	489	3	2
想入非非 有声小说 第38章	2020-10-03	491	4	0
想入非非 有声小说 第37章	2020-10-03	489	4	0
想入非非 有声小说 第36章	2020-10-03	513	2	0
想入非非 有声小说 第35章	2020-10-03	556	3	0
全娱乐圈都在等我们离婚（爆笑）第114集 有声小说 (完) （是你先撞我心上）	2020-10-03	412	3	0
全娱乐圈都在等我们离婚（爆笑）第113集 有声小说 （是你先撞我心上）	2020-10-03	255	0	0
全娱乐圈都在等我们离婚（爆笑）第112集 有声小说 （是你先撞我心上）	2020-10-03	220	0	0
全娱乐圈都在等我们离婚（爆笑）第111集 有声小说 （是你先撞我心上）	2020-10-03	233	1	0
公主贵性 有声小说 第33集 （爷是公主，不是郎）	2020-10-04	64	1	0
公主贵性 有声小说 第32集 （爷是公主，不是郎）	2020-10-04	107	0	0
公主贵性 有声小说 第31集 （爷是公主，不是郎）	2020-10-04	87	0	0
公主贵性 有声小说 第30集 （爷是公主，不是郎）	2020-10-04	78	0	0
公主贵性 有声小说 第29集 （爷是公主，不是郎）	2020-10-04	90	0	0
《偷偷藏不住》第69集 有声小说	2020-10-04	17538	89	0
《偷偷藏不住》第68集 有声小说	2020-10-04	14584	76	0
《偷偷藏不住》第67集 有声小说	2020-10-04	15798	92	0
《偷偷藏不住》第66集 有声小说	2020-10-04	15500	92	0
《调笑令》有声小说第19集（网剧《师爷请自重》原著小说 作者酒小七）	2020-10-05	392	0	0
《调笑令》有声小说第18集（网剧《师爷请自重》原著小说 作者酒小七）	2020-10-05	360	0	0
《调笑令》有声小说第17集（网剧《师爷请自重》原著小说 作者酒小七）	2020-10-05	343	0	0
《调笑令》有声小说第16集（网剧《师爷请自重》原著小说 作者酒小七）	2020-10-05	363	2	0
《调笑令》有声小说第15集（网剧《师爷请自重》原著小说 作者酒小七）	2020-10-05	335	2	0
公主贵性 有声小说 第34集 （爷是公主，不是郎）	2020-10-05	89	0	0
《调笑令》有声小说第21集（网剧《师爷请自重》原著小说 作者酒小七）	2020-10-06	324	0	0
公主贵性 有声小说 第36集 （爷是公主，不是郎）	2020-10-07	70	0	0
公主贵性 有声小说 第35集 （爷是公主，不是郎）	2020-10-07	69	0	0
《调笑令》有声小说第20集（网剧《师爷请自重》原著小说 作者酒小七）	2020-10-07	336	0	0
《调笑令》有声小说第24集（网剧《师爷请自重》原著小说 作者酒小七）	2020-10-07	312	0	0
《调笑令》有声小说第23集（网剧《师爷请自重》原著小说 作者酒小七）	2020-10-07	312	1	0
《调笑令》有声小说第22集（网剧《师爷请自重》原著小说 作者酒小七）	2020-10-07	311	0	0
公主贵性 有声小说 第38集 （爷是公主，不是郎）	2020-10-08	90	1	0
公主贵性 有声小说 第37集 （爷是公主，不是郎）	2020-10-08	100	0	0
《你是我的荣耀》有声小说 第11集	2020-10-09	5495	15	1
《偷偷藏不住》第73集 有声小说	2020-10-09	15636	86	0
《偷偷藏不住》第74集 有声小说	2020-10-09	13376	77	3
《偷偷藏不住》第72集 有声小说	2020-10-09	16303	100	1
《偷偷藏不住》第71集 有声小说	2020-10-09	17759	97	1
《偷偷藏不住》第70集 有声小说	2020-10-09	24486	199	5
《你是我的荣耀》有声小说 第19集	2020-10-10	4020	9	1
《你是我的荣耀》有声小说 第18集	2020-10-10	4127	6	1
《你是我的荣耀》有声小说 第17集	2020-10-10	4168	11	2
《你是我的荣耀》有声小说 第15集	2020-10-10	4142	8	0
《你是我的荣耀》有声小说 第14集	2020-10-10	4154	9	0
《你是我的荣耀》有声小说 第13集	2020-10-10	4700	10	0
《你是我的荣耀》有声小说 第12集	2020-10-10	4910	11	0
sleep music with rain | one-hour Chinese song | 董贞	2020-10-11	72	1	0
《你是我的荣耀》有声小说 第25集	2020-10-12	4941	14	0
《你是我的荣耀》有声小说 第23集	2020-10-12	4764	13	0
《你是我的荣耀》有声小说 第22集	2020-10-12	4432	10	0
《你是我的荣耀》有声小说 第21集	2020-10-12	4683	14	0
《你是我的荣耀》有声小说 第20集	2020-10-12	4568	16	1
《偷偷藏不住》第76集 有声小说	2020-10-13	13165	101	6
《偷偷藏不住》第75集 有声小说	2020-10-13	13373	74	0
《你是我的荣耀》有声小说 第30集	2020-10-13	5559	15	0
《你是我的荣耀》有声小说 第29集	2020-10-13	5147	11	0
《你是我的荣耀》有声小说 第28集	2020-10-13	5716	14	0
《你是我的荣耀》有声小说 第27集	2020-10-13	4822	8	0
《你是我的荣耀》有声小说 第24集	2020-10-13	4445	12	0
《你是我的荣耀》有声小说 第26集	2020-10-13	4865	13	0
《你是我的荣耀》有声小说 第34集	2020-10-14	5048	10	0
《你是我的荣耀》有声小说 第33集	2020-10-14	5391	12	0
《你是我的荣耀》有声小说 第16集	2020-10-14	3852	9	1
《你是我的荣耀》有声小说 第32集	2020-10-14	5358	17	1
《偷偷藏不住》第77集 有声小说	2020-10-14	13042	66	0
《你是我的荣耀》有声小说 第31集	2020-10-14	5091	13	0
《偷偷藏不住》第82集 有声小说	2020-10-15	12240	80	2
《偷偷藏不住》第81集 有声小说	2020-10-15	12621	86	0
《偷偷藏不住》第80集 有声小说	2020-10-15	13494	76	0
《偷偷藏不住》第79集 有声小说	2020-10-15	12106	68	0
《偷偷藏不住》第78集 有声小说	2020-10-15	12125	68	0
《你是我的荣耀》有声小说 第37集	2020-10-15	8288	27	1
《你是我的荣耀》有声小说 第36集	2020-10-15	6011	14	0
《你是我的荣耀》有声小说 第35集	2020-10-15	6658	16	0
《你是我的荣耀》有声小说 番外第1集	2020-10-16	7929	25	0
sleep music with rain | one-hour Chinese song | 董贞	2020-10-16	177	2	0
《你是我的荣耀》有声小说 番外第5集	2020-10-17	4398	11	1
《偷偷藏不住》第83集 有声小说	2020-10-17	11937	80	0
《你是我的荣耀》有声小说 番外第4集	2020-10-17	5130	11	0
《你是我的荣耀》有声小说 番外第3集	2020-10-17	5205	15	0
《你是我的荣耀》有声小说 番外第2集	2020-10-17	5179	17	0
《你是我的荣耀》有声小说 番外第8集	2020-10-18	4655	15	0
《你是我的荣耀》有声小说 番外第7集	2020-10-18	4631	11	0
《调笑令》有声小说第28集（网剧《师爷请自重》原著小说 作者酒小七）	2020-10-18	291	0	0
《你是我的荣耀》有声小说 番外第6集	2020-10-18	4444	14	0
《调笑令》有声小说第27集（网剧《师爷请自重》原著小说 作者酒小七）	2020-10-18	293	1	0
《调笑令》有声小说第26集（网剧《师爷请自重》原著小说 作者酒小七）	2020-10-18	272	1	0
《调笑令》有声小说第25集（网剧《师爷请自重》原著小说 作者酒小七）	2020-10-18	304	0	0
《调笑令》有声小说第29集（网剧《师爷请自重》原著小说 作者酒小七）	2020-10-19	457	3	2
《你是我的荣耀》有声小说 番外第9集	2020-10-19	4204	7	0
公主贵性 有声小说 第39集 （爷是公主，不是郎）	2020-10-20	92	1	0
《你是我的荣耀》有声小说 番外第10集	2020-10-20	4693	10	0
《你是我的荣耀》有声小说 番外第13集	2020-10-21	3496	8	0
《你是我的荣耀》有声小说 番外第12集	2020-10-21	3690	8	0
《你是我的荣耀》有声小说 番外第11集	2020-10-21	3815	6	0
《偷偷藏不住》第85集 有声小说	2020-10-22	12516	67	1
《你是我的荣耀》有声小说 番外第15集	2020-10-22	3545	11	0
《你是我的荣耀》有声小说 番外第14集	2020-10-22	3418	3	1
公主贵性 有声小说 第40集 （爷是公主，不是郎）	2020-10-22	90	0	0
《你是我的荣耀》有声小说 番外第17集完	2020-10-23	3411	7	2
《偷偷藏不住》第87集 有声小说	2020-10-23	12182	67	0
《偷偷藏不住》第86集 有声小说	2020-10-23	12014	65	0
《你是我的荣耀》有声小说 番外第16集	2020-10-23	3367	6	0
公主贵性 有声小说 第41集 （爷是公主，不是郎）	2020-10-24	76	0	0
《偷偷藏不住》第89集 有声小说	2020-10-24	12615	62	0
《偷偷藏不住》第88集 有声小说	2020-10-24	15131	86	0
《偷偷藏不住》第84集 有声小说	2020-10-25	11971	71	0
《偷偷藏不住》第90集 有声小说	2020-10-25	13958	75	0
公主贵性 有声小说 第42集 （爷是公主，不是郎）	2020-10-25	66	0	0
《偷偷藏不住》第92集 有声小说	2020-10-26	11935	60	1
公主贵性 有声小说 第43集 （爷是公主，不是郎）	2020-10-26	72	0	0
《偷偷藏不住》第91集 有声小说	2020-10-26	13183	78	1
《偷偷藏不住》第95集 有声小说	2020-10-27	11654	67	1
《偷偷藏不住》第94集 有声小说	2020-10-27	11134	60	0
《偷偷藏不住》第93集 有声小说	2020-10-27	11473	62	0
《偷偷藏不住》第97集 有声小说	2020-10-28	11299	62	0
《偷偷藏不住》第96集 有声小说	2020-10-28	11242	64	0
《偷偷藏不住》第99集 有声小说	2020-10-29	12086	60	0
《偷偷藏不住》第98集 有声小说	2020-10-29	11829	57	0
《偷偷藏不住》第102集 有声小说	2020-10-30	15595	99	1
《偷偷藏不住》第101集 有声小说	2020-10-30	13527	71	0
公主贵性 有声小说 第44集 （爷是公主，不是郎）	2020-10-30	71	0	0
《偷偷藏不住》第100集 有声小说	2020-10-30	14038	75	0
《偷偷藏不住》第104集 有声小说	2020-10-31	12896	57	0
sleep music with rain | one-hour Chinese song | 董贞	2020-10-31	64	1	0
《偷偷藏不住》第103集 有声小说	2020-10-31	13836	57	0
《偷偷藏不住》第106集 有声小说	2020-11-01	23668	137	0
《偷偷藏不住》第105集 有声小说	2020-11-01	13705	60	3
想入非非 有声小说 第40章	2020-11-02	532	1	2
《偷偷藏不住》第107集 有声小说	2020-11-02	33358	186	5
公主贵性 有声小说 第45集 （爷是公主，不是郎）	2020-11-02	68	0	0
想入非非 有声小说 第42集	2020-11-03	494	2	0
《偷偷藏不住》第109集 有声小说	2020-11-03	28436	134	4
想入非非 有声小说 第41集	2020-11-03	496	4	0
《偷偷藏不住》第108集 有声小说	2020-11-03	45158	242	12
公主贵性 有声小说 第47集 （爷是公主，不是郎）	2020-11-04	74	0	0
想入非非 有声小说 第44集	2020-11-04	456	1	0
公主贵性 有声小说 第46集 （爷是公主，不是郎）	2020-11-04	79	1	0
想入非非 有声小说 第43集	2020-11-04	452	2	0
公主贵性 有声小说 第48集 （爷是公主，不是郎）	2020-11-05	165	0	0
想入非非 有声小说 第46集	2020-11-07	471	1	0
想入非非 有声小说 第45集	2020-11-07	489	2	1
想入非非 有声小说 第48集	2020-11-09	571	4	0
想入非非 有声小说 第47集	2020-11-09	490	1	0
《偷偷藏不住》第111集 有声小说	2020-11-09	16962	74	2
《偷偷藏不住》第110集 有声小说	2020-11-09	24310	127	1
《偷偷藏不住》第114集 有声小说	2020-11-10	13670	75	0
想入非非 有声小说 第50集	2020-11-10	544	2	0
想入非非 有声小说 第49集	2020-11-10	543	4	0
《偷偷藏不住》第113集 有声小说	2020-11-10	17808	96	0
《偷偷藏不住》第112集 有声小说	2020-11-10	16254	75	0
《偷偷藏不住》第118集 有声小说	2020-11-11	19377	115	0
想入非非 有声小说 第51集	2020-11-11	554	2	0
《偷偷藏不住》第117集 有声小说	2020-11-11	15814	91	0
《偷偷藏不住》第116集 有声小说	2020-11-11	16729	96	0
《偷偷藏不住》第115集 有声小说	2020-11-11	16767	79	0
想入非非 有声小说 第52集	2020-11-12	871	3	2
《偷偷藏不住》第119集 完 有声小说	2020-11-12	54594	468	22
想入非非 有声小说 第56集	2020-12-30	650	3	0
想入非非 有声小说 第54集	2020-12-30	708	3	0
想入非非 有声小说 第53集	2020-12-30	542	4	0
想入非非 有声小说 第57集 完	2020-12-31	1715	8	0
想入非非 有声小说 第55集	2020-12-31	745	6	0